<ImportExportXml version="9.1.0.16840" SolutionPackageVersion="9.1" languagecode="1033" generatedBy="CrmLive" xmlns:xsi="http://www.w3.org/2001/XMLSchema-instance">
  <SolutionManifest>
    <UniqueName>StudentActivity</UniqueName>
    <LocalizedNames>
      <LocalizedName description="StudentActivity" languagecode="1033" />
    </LocalizedNames>
    <Descriptions />
    <Version>1.0.0.1</Version>
    <Managed>0</Managed>
    <Publisher>
      <UniqueName>ansgroup</UniqueName>
      <LocalizedNames>
        <LocalizedName description="ANS Group" languagecode="1033" />
      </LocalizedNames>
      <Descriptions />
      <EMailAddress>info@ansgroup.co.uk</EMailAddress>
      <SupportingWebsiteUrl xsi:nil="true"></SupportingWebsiteUrl>
      <CustomizationPrefix>ans</CustomizationPrefix>
      <CustomizationOptionValuePrefix>11902</CustomizationOptionValuePrefix>
      <Addresses>
        <Address>
          <AddressNumber>1</AddressNumber>
          <AddressTypeCode>1</AddressTypeCode>
          <City>Manchester</City>
          <County xsi:nil="true"></County>
          <Country>England</Country>
          <Fax xsi:nil="true"></Fax>
          <FreightTermsCode xsi:nil="true"></FreightTermsCode>
          <ImportSequenceNumber xsi:nil="true"></ImportSequenceNumber>
          <Latitude xsi:nil="true"></Latitude>
          <Line1>Synergu House</Line1>
          <Line2>Manchester Science Park</Line2>
          <Line3 xsi:nil="true"></Line3>
          <Longitude xsi:nil="true"></Longitude>
          <Name xsi:nil="true"></Name>
          <PostalCode>M15 6SY</PostalCode>
          <PostOfficeBox xsi:nil="true"></PostOfficeBox>
          <PrimaryContactName xsi:nil="true">CTO Office</PrimaryContactName>
          <ShippingMethodCode>1</ShippingMethodCode>
          <StateOrProvince xsi:nil="true"></StateOrProvince>
          <Telephone1>0161 227 1000</Telephone1>
          <Telephone2 xsi:nil="true"></Telephone2>
          <Telephone3 xsi:nil="true"></Telephone3>
          <TimeZoneRuleVersionNumber xsi:nil="true"></TimeZoneRuleVersionNumber>
          <UPSZone xsi:nil="true"></UPSZone>
          <UTCOffset xsi:nil="true"></UTCOffset>
          <UTCConversionTimeZoneCode xsi:nil="true"></UTCConversionTimeZoneCode>
        </Address>
        <Address>
          <AddressNumber>2</AddressNumber>
          <AddressTypeCode>1</AddressTypeCode>
          <City xsi:nil="true"></City>
          <County xsi:nil="true"></County>
          <Country xsi:nil="true"></Country>
          <Fax xsi:nil="true"></Fax>
          <FreightTermsCode xsi:nil="true"></FreightTermsCode>
          <ImportSequenceNumber xsi:nil="true"></ImportSequenceNumber>
          <Latitude xsi:nil="true"></Latitude>
          <Line1 xsi:nil="true"></Line1>
          <Line2 xsi:nil="true"></Line2>
          <Line3 xsi:nil="true"></Line3>
          <Longitude xsi:nil="true"></Longitude>
          <Name xsi:nil="true"></Name>
          <PostalCode xsi:nil="true"></PostalCode>
          <PostOfficeBox xsi:nil="true"></PostOfficeBox>
          <PrimaryContactName xsi:nil="true"></PrimaryContactName>
          <ShippingMethodCode>1</ShippingMethodCode>
          <StateOrProvince xsi:nil="true"></StateOrProvince>
          <Telephone1 xsi:nil="true"></Telephone1>
          <Telephone2 xsi:nil="true"></Telephone2>
          <Telephone3 xsi:nil="true"></Telephone3>
          <TimeZoneRuleVersionNumber xsi:nil="true"></TimeZoneRuleVersionNumber>
          <UPSZone xsi:nil="true"></UPSZone>
          <UTCOffset xsi:nil="true"></UTCOffset>
          <UTCConversionTimeZoneCode xsi:nil="true"></UTCConversionTimeZoneCode>
        </Address>
      </Addresses>
    </Publisher>
    <RootComponents>
      <RootComponent type="1" schemaName="ans_request" behavior="0" />
      <RootComponent type="1" schemaName="contact" behavior="1" />
      <RootComponent type="1" schemaName="task" behavior="1" />
      <RootComponent type="9" schemaName="ans_issue_type" behavior="0" />
      <RootComponent type="9" schemaName="ans_task_issue_type" behavior="0" />
      <RootComponent type="20" id="{d554b045-687e-ea11-a811-000d3a0b9028}" behavior="0" />
      <RootComponent type="29" id="{1a7b6328-077b-ea11-a811-000d3a0b9028}" behavior="0" />
      <RootComponent type="29" id="{2667e89e-0b7b-ea11-a811-000d3a0b9028}" behavior="0" />
      <RootComponent type="29" id="{7c6d37ae-907d-ea11-a811-000d3a0b9028}" behavior="0" />
      <RootComponent type="29" id="{b23dcbc3-057b-ea11-a811-000d3a0b9028}" behavior="0" />
      <RootComponent type="29" id="{b60fb3b3-577e-ea11-a811-000d3a0b9028}" behavior="0" />
      <RootComponent type="29" id="{b98c6157-a37c-ea11-a811-000d3a0b9028}" behavior="0" />
      <RootComponent type="60" id="{0893668e-e27b-ea11-a811-000d3a0b9028}" />
      <RootComponent type="60" id="{2679de37-6e7d-ea11-a811-000d3a0b9028}" behavior="0" />
      <RootComponent type="60" id="{b0cdfef2-727a-ea11-a811-000d3a0b9028}" behavior="0" />
      <RootComponent type="60" id="{c1df37ce-797a-ea11-a811-000d3a0b9028}" behavior="0" />
      <RootComponent type="60" id="{eaff14f2-667d-ea11-a811-000d3a0b9028}" behavior="0" />
      <RootComponent type="62" schemaName="ans_StudentManager" behavior="0" />
      <RootComponent type="80" schemaName="ans_studentmanager" behavior="0" />
    </RootComponents>
    <MissingDependencies>
      <MissingDependency>
        <Required key="0" type="9" schemaName="ans_lowengagement" displayName="Low Engagement" solution="Active" />
        <Dependent key="1" type="2" schemaName="ans_lowengagement" displayName="Low Engagement" parentSchemaName="contact" parentDisplayName="Contact" />
      </MissingDependency>
      <MissingDependency>
        <Required key="2" type="60" displayName="Team Statisitcs" parentDisplayName="Contact" solution="Active" id="{4826ec1b-dd7c-ea11-a811-000d3a0b9028}" />
        <Dependent key="3" type="80" schemaName="ans_studentmanager" displayName="Student Manager" />
      </MissingDependency>
      <MissingDependency>
        <Required key="4" type="66" schemaName="MscrmControls.CardFeedContainer.CardFeedContainer" displayName="MscrmControls.CardFeedContainer.CardFeedContainer" solution="BaseCustomControlsCore (9.0.2004.2012)" />
        <Dependent key="5" type="60" displayName="Student Engagement" parentDisplayName="Contact" id="{c1df37ce-797a-ea11-a811-000d3a0b9028}" />
      </MissingDependency>
      <MissingDependency>
        <Required key="6" type="61" schemaName="msdyn_/Images/AppModule_Default_Icon.png" displayName="msdyn_/Images/AppModule_Default_Icon.png" solution="AppModuleWebResources (2.5)" />
        <Dependent key="3" type="80" schemaName="ans_studentmanager" displayName="Student Manager" />
      </MissingDependency>
    </MissingDependencies>
  </SolutionManifest>
</ImportExportXml>